,BACH2,Cd244,CX3CR1,CXCR6,ENTPD1,GZMA,GZMB,HAVCR2,IFNG,ITGAX,MKI67,MYB,PDCD1,SELL,SLAMF6,TCF7,TOX,Teff,Tex,Tpex
ACTN1,0.2612485,0.07440741,0.060414523,0.5668078,0.15381737,0.43483475,1.3386444,0.37733272,0.9662213,0.05387271,0.56654644,0.5293893,0.6531314,0.41282248,0.49915904,0.5534795,0.55783844,0.1370558375634517,0.3197969543147208,0.5431472081218274
AFF3,0.22531636,0.072077274,0.14934565,0.5601133,0.13875274,0.41138905,1.2742157,0.37705395,1.1414531,0.07117131,0.53244185,0.36703148,0.7784618,0.40908855,0.40828007,0.59433484,0.59469503,0.1683673469387755,0.4183673469387755,0.413265306122449
AR,0.26950002,0.055600006,0.12509802,0.41443494,0.11101923,0.22959737,1.0851274,0.21197881,0.8711955,0.022639653,0.54269207,0.61458355,0.37832165,0.50303674,0.52602905,0.6419476,0.5637227,0.13,0.29,0.58
ARID5A,0.28823152,0.03009993,0.05477015,0.5940434,0.14812617,0.54082125,1.638455,0.37933138,0.7353428,0.06465979,0.70868486,0.476169,0.60495496,0.7035474,0.40280375,0.4995144,0.76724565,0.1694915254237288,0.3389830508474576,0.4915254237288136
ARNT2,0.25651926,0.061926078,0.09129337,0.42882025,0.1352524,0.42896533,1.1419038,0.28066936,0.8448304,0.0677965,0.60432786,0.52698106,0.64174646,0.55719876,0.53922486,0.6081676,0.5801016,0.1008403361344537,0.3445378151260504,0.5546218487394958
ATF6,0.28352636,0.035219196,0.09515325,0.37879208,0.11570534,0.30963278,1.2113075,0.28835684,0.93938035,0.041148067,0.53730917,0.6358016,0.5459983,0.5727461,0.49784076,0.604301,0.4979675,0.1428571428571428,0.328042328042328,0.5291005291005291
BACH1,0.26291335,0.058115542,0.048913218,0.36066836,0.1094188,0.26616305,1.0399307,0.21509597,0.80683506,0.045257013,0.45541713,0.5498548,0.5071059,0.7466883,0.6898065,0.729554,0.6870283,0.1294964028776978,0.2949640287769784,0.5755395683453237
BACH2,0.30198443,0.077324055,0.112995334,0.7854197,0.16911669,1.0594703,1.8709841,0.60034674,1.4946021,0.13248679,0.60432255,0.33410692,0.6312248,0.26756987,0.33147997,0.35511324,0.30940583,0.3289473684210526,0.3881578947368421,0.2828947368421052
BATF,0.32475832,0.01824741,0.08938656,0.25689638,0.060767915,0.3106054,0.9568087,0.1073322,0.6443853,0.0818168,0.5536433,0.6680105,0.38451472,0.72339857,0.4541503,0.89175725,0.4652166,0.18,0.21,0.61
BCL6,0.25724965,0.03030467,0.12822899,0.716299,0.14836262,1.0736836,1.652683,0.41630423,1.3211486,0.1040761,0.61859554,0.5068683,0.7856448,0.5079009,0.4744237,0.50672334,0.48591086,0.2675585284280936,0.3110367892976589,0.4214046822742475
BCL9,0.2489904,0.060244042,0.078594126,0.48465332,0.118843816,0.19679761,1.2193794,0.22949295,0.8190325,0.016771294,0.54134023,0.5511527,0.5979094,0.5917054,0.5228122,0.58994937,0.618084,0.0798122065727699,0.3615023474178404,0.5586854460093896
BHLHE40,0.2260573,0.023041155,0.08939743,0.60740787,0.14919189,0.71367586,1.7289768,0.37577626,1.1694571,0.105866365,0.64642113,0.4717904,0.64727044,0.4526357,0.49118042,0.5374977,0.45607907,0.2038461538461538,0.3461538461538461,0.45
BTG2,0.295978,0.05110428,0.059306454,0.37309784,0.08789946,0.31922677,0.9183212,0.19251707,0.7407995,0.045309253,0.4678548,0.57839566,0.58006364,0.6718463,0.63549465,0.7025576,0.6629472,0.1259259259259259,0.2444444444444444,0.6296296296296297
CREB3L2,0.25623748,0.054853443,0.08947605,0.43256396,0.14470908,0.34395364,1.1686108,0.29616326,0.8509264,0.051985122,0.5733493,0.53974503,0.6652286,0.57239944,0.54752666,0.59948033,0.60202646,0.1235955056179775,0.3333333333333333,0.5430711610486891
CUX1,0.28288645,0.07126734,0.06870448,0.5548664,0.09395117,0.99808985,1.6471179,0.409339,1.1233886,0.109640464,0.65951115,0.48785403,0.6133932,0.46814644,0.42777643,0.49104965,0.503521,0.1951219512195122,0.3577235772357723,0.4471544715447154
E2F7,0.2438916,0.07123452,0.090053104,0.48120838,0.116723664,0.51049745,1.077425,0.2778076,0.9514003,0.06831927,0.62571,0.5096317,0.54508597,0.50376415,0.49710104,0.5946935,0.5498645,0.1492537313432835,0.3333333333333333,0.5174129353233831
EGR1,0.2867546,0.056660403,0.083231896,0.48261875,0.09916241,0.5458787,1.2101114,0.2987767,0.90072787,0.08821594,0.54186165,0.47312096,0.6105032,0.44928154,0.5118352,0.6148257,0.5612046,0.1633663366336633,0.3316831683168317,0.504950495049505
EGR2,0.19884256,0.08418366,0.1284553,0.915245,0.20137075,0.61525124,1.8702177,0.5069227,1.2426139,0.09493091,0.6408868,0.3360127,0.8907784,0.26304597,0.32491475,0.393168,0.6499044,0.1492063492063492,0.5142857142857142,0.3365079365079365
EGR3,0.23965949,0.06290782,0.052557312,0.51119864,0.12679724,0.20386219,1.066368,0.27894232,0.97958434,0.054606263,0.4684676,0.49204397,0.60292035,0.63256353,0.55581,0.6745655,0.5568821,0.1121495327102803,0.3177570093457944,0.5700934579439252
ELF1,0.22997428,0.06042197,0.092570566,0.44042468,0.12001389,0.24100587,1.1712373,0.28769726,0.8362525,0.05244141,0.61344963,0.5721702,0.6153529,0.58227074,0.5493306,0.57988137,0.64096683,0.1153846153846153,0.3605769230769231,0.5240384615384616
ELF2,0.26482916,0.047708694,0.08850332,0.52504444,0.099931024,0.52289456,1.2370205,0.28845394,0.83467394,0.1252106,0.5605015,0.55564266,0.5639766,0.5090598,0.5248731,0.69181067,0.56877637,0.2078853046594982,0.3010752688172043,0.4910394265232975
ELF4,0.23723511,0.053414736,0.10341064,0.55037093,0.10003638,0.3800982,1.2557545,0.32305548,0.97908056,0.07288986,0.60727215,0.5539355,0.69648224,0.52474946,0.40721476,0.62816465,0.6060424,0.1390134529147982,0.3677130044843049,0.4932735426008968
EPAS1,0.23530503,0.08076987,0.08235684,0.49605978,0.15957583,0.23817709,1.2388257,0.30124152,0.7875473,0.06940429,0.55942273,0.49241346,0.5777268,0.59378344,0.52677375,0.61556435,0.56145394,0.1025641025641025,0.3717948717948718,0.5256410256410257
ERG,0.24617562,0.051696725,0.065779924,0.4545782,0.09896583,0.26117125,1.0564737,0.24915333,0.85662514,0.05515438,0.5804199,0.5717992,0.5059721,0.5135085,0.566775,0.6340164,0.5577443,0.1268292682926829,0.3121951219512195,0.5609756097560976
ESR1,0.28415385,0.05523216,0.06668121,0.5925465,0.118656054,0.4324695,1.185533,0.293113,0.94395304,0.052515414,0.5918039,0.56932026,0.594634,0.41858146,0.50689256,0.5880073,0.54646105,0.1528662420382165,0.3503184713375796,0.4968152866242038
ETS1,0.27540502,0.05244843,0.09357986,0.5249691,0.1319306,0.7610838,1.7171483,0.37676898,0.72580004,0.09292115,0.5734965,0.5371272,0.7577438,0.33344078,0.28620127,0.45190704,0.37502268,0.1397849462365591,0.5376344086021505,0.3225806451612903
ETS2,0.24693091,0.053722326,0.082440004,0.35125342,0.1247095,0.301188,1.1094389,0.2315922,0.9317959,0.025035929,0.49291813,0.5854084,0.5759401,0.7171444,0.5854362,0.73559105,0.6528963,0.1104294478527607,0.2822085889570552,0.6073619631901841
ETV6,0.28319344,0.04905689,0.08024444,0.3940046,0.11142622,0.27215058,1.1293489,0.2300723,0.8194853,0.05292896,0.57707125,0.56112313,0.59401315,0.6359033,0.46979105,0.63983846,0.56500155,0.1262626262626262,0.3484848484848485,0.5252525252525253
EZH2,0.4205965,0.067499444,0.059946954,0.27908143,0.11413974,0.23967744,0.90819854,0.09186015,0.64294285,0.101314366,0.4052927,0.72137713,0.45375702,0.5352253,0.7041283,0.9369687,0.71376705,0.1470588235294117,0.2058823529411764,0.6470588235294118
FHL2,0.24428177,0.036005236,0.10490102,0.44634557,0.088768415,0.68829465,1.251868,0.36900315,0.98025525,0.098410435,0.548669,0.5095945,0.5220897,0.579147,0.49543172,0.6930179,0.47848585,0.217391304347826,0.2608695652173913,0.5217391304347826
FLI1,0.24235639,0.048095264,0.14620242,0.752988,0.24843146,0.39121354,1.4793705,0.4758825,0.9245135,0.054755263,0.4862069,0.33915943,0.6961747,0.39504185,0.28740185,0.36252096,0.6904643,0.1240310077519379,0.4987080103359173,0.3772609819121447
FOS,0.28914478,0.053854156,0.05468619,0.39238748,0.07442722,0.35956812,0.9678589,0.23546976,0.7917122,0.035566982,0.56126875,0.58999014,0.48659253,0.53959507,0.52685726,0.65874803,0.629171,0.1027397260273972,0.3287671232876712,0.5684931506849316
FOSB,0.2633118,0.091641486,0.06392056,0.55298007,0.10116199,0.26775765,1.279234,0.3736597,0.89442575,0.048052017,0.4638473,0.49886748,0.68405867,0.44870985,0.46028447,0.48678672,0.6168578,0.088,0.448,0.464
FOSL2,0.21986395,0.0681568,0.073422946,0.3945698,0.09111093,0.2823585,0.9505104,0.22844838,0.9100882,0.052591305,0.49662906,0.609179,0.7360879,0.57765764,0.5524943,0.78776413,0.6711241,0.1238095238095238,0.2571428571428571,0.6190476190476191
FOXB1,0.25801802,0.04990942,0.06845369,0.42357284,0.11880995,0.31296438,1.1858447,0.2938445,0.8583156,0.03769485,0.5815434,0.57389176,0.62062746,0.5892448,0.5243453,0.6864175,0.5550321,0.1020408163265306,0.3469387755102041,0.5510204081632653
FOXL1,0.3220775,0.0474031,0.04272016,0.35585964,0.06685415,0.27573872,1.0906563,0.18775332,0.79167557,0.055930804,0.5100033,0.62301224,0.5242186,0.6799194,0.5706434,0.7060643,0.5377826,0.1153846153846153,0.2582417582417582,0.6263736263736264
FOXN3,0.29013574,0.040622856,0.039627146,0.4048842,0.11823366,0.36179364,1.1557294,0.25226396,0.86127657,0.05651072,0.5493506,0.5477383,0.520386,0.55365694,0.45571673,0.62308997,0.42578432,0.1285714285714285,0.3142857142857143,0.5571428571428572
FOXO1,0.21511719,0.070575655,0.119083606,0.33389065,0.14195763,0.72205985,1.5060645,0.36632758,0.97377294,0.085396506,0.3311029,0.44556677,0.4953816,0.24793775,0.2804073,0.39392373,0.36447498,0.4,0.2,0.4
FOXP1,0.27344587,0.106195524,0.09890375,0.6073715,0.17056529,0.6277947,1.3715037,0.36862484,1.1281095,0.09361596,0.47971871,0.34050313,0.5590972,0.31044573,0.40220487,0.4902442,0.35141814,0.2266666666666666,0.3466666666666667,0.4266666666666667
GATA3,0.25323176,0.04242222,0.06392254,0.454482,0.098459944,0.51686466,1.3655521,0.2610511,0.9344246,0.051635187,0.55326647,0.66346264,0.5942367,0.6488539,0.5987569,0.79923815,0.5588763,0.1528662420382165,0.2420382165605095,0.6050955414012739
GLIS1,0.2418705,0.049106333,0.09691991,0.61371297,0.0901044,0.9411046,1.2915236,0.38407114,1.075893,0.07247086,0.42627937,0.47122377,0.62526536,0.58580786,0.5041371,0.5917517,0.5549727,0.2814070351758794,0.2512562814070351,0.4673366834170854
HBP1,0.24326794,0.07653689,0.06874449,0.56250936,0.16262694,0.3773003,1.1961696,0.28148004,0.86554563,0.02593184,0.6004704,0.56298786,0.6513612,0.49195307,0.48187625,0.61154926,0.717288,0.0689655172413793,0.418103448275862,0.5129310344827587
HIPK2,0.31349367,0.051086582,0.09023365,0.4564603,0.12378941,0.34913886,1.1901845,0.29522532,0.8843767,0.053608306,0.5693224,0.5867705,0.5994812,0.5779443,0.54267,0.63985634,0.6031121,0.1179245283018868,0.330188679245283,0.5518867924528302
HIVEP1,0.2689283,0.048153996,0.103774995,0.5328474,0.10628989,0.252876,1.2677853,0.21920997,0.8129136,0.013684399,0.52281624,0.5884513,0.6500899,0.46120778,0.483127,0.62850356,0.65567935,0.125,0.375,0.5
HIVEP2,0.30680043,0.06089751,0.0675478,0.43377554,0.12963755,0.42226008,1.0750132,0.278527,0.8958377,0.1042788,0.59352493,0.61829996,0.56782097,0.58932513,0.5393102,0.71834815,0.56302303,0.1355140186915887,0.3177570093457944,0.5467289719626168
HIVEP3,0.29433748,0.0489856,0.07778797,0.4615537,0.14969952,0.33575675,1.1288537,0.25788203,0.83002603,0.07275326,0.6010724,0.5286257,0.56676966,0.55172914,0.4999397,0.59933597,0.5873251,0.1266968325791855,0.3438914027149321,0.5294117647058824
HMGB2,0.24311921,0.0648205,0.10000389,0.6032073,0.12332197,0.47808903,1.2648866,0.39500907,1.0112035,0.042098112,0.59406394,0.473556,0.5484814,0.44337067,0.42946643,0.41011453,0.47909802,0.1789473684210526,0.3631578947368421,0.4578947368421052
ID2,0.2782622,0.016162353,0.038856916,0.13205321,0.04310423,0.18108283,0.5627798,0.078059055,0.53114456,0.0060307356,0.5345651,0.79689384,0.5169967,0.9306427,0.8721131,0.9385138,0.80795115,0.0780141843971631,0.0992907801418439,0.8226950354609929
ID3,0.38460878,0.042365767,0.074018,0.48557627,0.09234089,0.2641833,1.0339977,0.21807043,1.1210344,0.061114427,0.5297672,0.6002412,0.47067744,0.4289825,0.38236368,0.58497846,0.4242327,0.1948051948051948,0.3506493506493506,0.4545454545454545
IKZF1,0.28936386,0.010677087,0.023322292,0.10840437,0.06751352,0.24787092,0.4091406,0.07520254,0.6762545,0.012143885,0.42120224,0.9750042,0.49762744,0.96521133,0.9840591,1.247557,0.74012786,0.047024952015355,0.0628598848368522,0.8901151631477927
IKZF2,0.20988841,0.09595019,0.07656981,0.63943297,0.18835033,0.22255617,1.5429696,0.3226233,1.0503794,0.02424163,0.70470756,0.51105237,0.769082,0.4499438,0.43813375,0.48388448,0.6445446,0.0612244897959183,0.5170068027210885,0.4217687074829932
IRF1,0.30682182,0.05496978,0.054617763,0.41250655,0.12028782,0.26768914,1.0633742,0.20850942,0.87346977,0.05648788,0.31476507,0.5895353,0.6238307,0.45824295,0.5507185,0.6083017,0.5473248,0.1263157894736842,0.3684210526315789,0.5052631578947369
IRF2BP2,0.31236237,0.036248945,0.06835497,0.40001258,0.07452883,0.46486494,1.0929964,0.2002128,0.7796347,0.07784766,0.6170727,0.6230913,0.50424445,0.57227963,0.55135643,0.6301395,0.5072119,0.1899641577060931,0.2508960573476702,0.5591397849462365
IRF4,0.37388685,0.0,0.06156955,0.020980278,0.0,0.09965155,0.37928936,0.0,0.20798011,0.0,0.13651904,1.2808039,0.820266,1.0097086,0.69069916,1.1384728,0.8590633,0.0714285714285714,0.0,0.9285714285714286
IRF7,0.25853977,0.076161385,0.1013885,0.573104,0.1467142,0.22397758,1.3486638,0.29683188,0.9234994,0.033731148,0.5914913,0.5171731,0.60397506,0.43789765,0.46423233,0.51608354,0.5632768,0.0918918918918919,0.4594594594594595,0.4486486486486487
IRF8,0.25406545,0.052976813,0.08483995,0.48529428,0.110301666,0.5762941,1.2380049,0.3814811,1.0363892,0.09212103,0.5778977,0.58908707,0.55435455,0.47237244,0.53671944,0.5859081,0.5649015,0.191860465116279,0.3023255813953488,0.5058139534883721
JDP2,0.33253855,0.05744167,0.050017036,0.44890106,0.1103984,0.48630732,1.1681801,0.3461263,0.8497566,0.09481368,0.50442016,0.49067342,0.5490372,0.6179436,0.499816,0.6720754,0.5306006,0.15,0.33,0.52
JUN,0.31802976,0.072146945,0.059572466,0.543372,0.11828155,0.2768846,1.1612508,0.27878144,0.76893634,0.022418356,0.48251605,0.5823375,0.5478676,0.57255405,0.43985164,0.5899569,0.53259605,0.1240310077519379,0.3565891472868217,0.5193798449612403
JUNB,0.30714077,0.0,0.06992078,0.1628934,0.05824555,0.019216305,0.24934383,0.06609441,0.54111785,0.0,0.6700549,0.87353957,0.5162891,0.6720773,0.62567955,0.92421395,0.6585116,0.0697674418604651,0.1627906976744186,0.7674418604651163
JUND,0.2540262,0.078582756,0.094278306,0.59318125,0.15721685,0.7199064,1.3733654,0.36062673,1.0498033,0.10057686,0.5357702,0.4389658,0.63513225,0.47895378,0.480933,0.5251993,0.50170153,0.1975308641975308,0.3621399176954732,0.4403292181069959
KLF13,0.29480854,0.05410661,0.051640626,0.3424741,0.07576476,0.40681353,1.0644634,0.21238591,0.8423353,0.045189194,0.71181643,0.5768882,0.57298744,0.6717869,0.571841,0.7471737,0.6358786,0.1407407407407407,0.2592592592592592,0.6
KLF2,0.27076042,0.077114075,0.065030865,0.5798886,0.12271479,0.44437826,1.2099317,0.37726617,0.9599814,0.091787614,0.53710186,0.6530575,0.6322105,0.41134372,0.60218394,0.56657994,0.63481957,0.15625,0.375,0.46875
KLF3,0.21885182,0.05048692,0.11779985,0.47251293,0.13177104,0.51416504,1.3027995,0.3292774,0.9149671,0.106281,0.67982405,0.43919715,0.53585833,0.5544298,0.43768075,0.58200246,0.58311945,0.1513513513513513,0.3189189189189189,0.5297297297297298
KLF4,0.27087095,0.054037087,0.048455983,0.4393687,0.08073683,0.25978976,0.9731709,0.22782421,1.0102645,0.05882032,0.46104226,0.55499256,0.58871925,0.5320709,0.6019855,0.6524602,0.68798095,0.131578947368421,0.3508771929824561,0.5175438596491229
KLF5,0.28897697,0.034182653,0.0950754,0.4253842,0.096157305,0.6461948,1.2031193,0.3311512,1.0204595,0.10730498,0.52042985,0.5302896,0.49334306,0.58957636,0.5276855,0.6863266,0.53612626,0.2263157894736842,0.2473684210526315,0.5263157894736842
KLF8,0.27859816,0.058231138,0.034569412,0.3322904,0.057006743,0.22707652,0.9370832,0.21673536,0.7399443,0.04809931,0.50788516,0.63704777,0.5062231,0.73868746,0.6351814,0.8083908,0.6655929,0.0891089108910891,0.2623762376237624,0.6485148514851485
LEF1,0.24746041,0.041269325,0.09183273,0.38604334,0.10050476,0.40750527,1.0489645,0.17730013,0.7712879,0.04768267,0.60743976,0.5929925,0.48862505,0.5740201,0.5337712,0.7075382,0.58712906,0.1111111111111111,0.2875816993464052,0.6013071895424836
LITAF,0.24684969,0.07502556,0.059739113,0.51509756,0.10102246,0.2513002,1.1468567,0.22848764,0.8723486,0.046220012,0.5032605,0.55277956,0.63783556,0.52585256,0.5116241,0.6156421,0.66525227,0.1013824884792626,0.3732718894009216,0.5253456221198156
LRRFIP1,0.2910264,0.07592143,0.05175482,0.50191635,0.13011442,0.30867898,1.308119,0.36773708,0.8692499,0.052522656,0.720476,0.5287263,0.5799059,0.5727548,0.5382151,0.66493714,0.5688448,0.0802919708029197,0.3722627737226277,0.5474452554744526
MAF,0.301252,0.025672495,0.04339699,0.3939972,0.097466625,0.33659577,0.9887914,0.22066891,0.74091893,0.06163325,0.5550119,0.6606478,0.5299683,0.6229594,0.56290555,0.7032708,0.5297425,0.1318181818181818,0.2272727272727272,0.6409090909090909
MAFF,0.23502275,0.06092418,0.05696488,0.35771012,0.10551368,0.23774056,1.1911983,0.23201172,0.8235544,0.02517769,0.5322938,0.59920925,0.60662675,0.63728553,0.57083774,0.72215426,0.70092946,0.1071428571428571,0.2785714285714286,0.6142857142857143
MAFG,0.3184877,0.034814034,0.06638499,0.45858237,0.11103779,0.51736826,1.1548843,0.28213024,0.91731626,0.08096672,0.6325496,0.5230186,0.546239,0.48807302,0.5046,0.5725612,0.53046125,0.1262626262626262,0.3333333333333333,0.5404040404040404
MAFK,0.31274438,0.06255829,0.077836394,0.55179805,0.11205208,0.35637835,1.068938,0.31174725,1.0219626,0.041554067,0.5671119,0.51394916,0.6477759,0.52104706,0.54509294,0.5889234,0.6920083,0.15,0.3333333333333333,0.5166666666666667
MAML2,0.22574994,0.040806174,0.06505808,0.3851137,0.11045244,0.1644684,0.93461186,0.2316093,0.78582853,0.04428194,0.5611635,0.63949335,0.489062,0.615224,0.5967896,0.68768984,0.62601495,0.056338028169014,0.323943661971831,0.6197183098591549
MAX,0.3149041,0.017638415,0.0794477,0.44776183,0.09508752,0.46333352,1.3679593,0.37422758,1.0504656,0.095154665,0.52430594,0.58422387,0.37922543,0.5727795,0.5811287,0.49656188,0.52278817,0.2195121951219512,0.3008130081300813,0.4796747967479675
MEF2A,0.26552618,0.04054871,0.085995466,0.5887877,0.14089255,0.59613323,1.4689332,0.36462748,0.9649883,0.07370887,0.6566761,0.5147469,0.6494622,0.4123508,0.4427672,0.5131615,0.55429524,0.2052401746724891,0.3537117903930131,0.4410480349344978
MTA3,0.28492093,0.057958283,0.089758925,0.44591597,0.11757966,0.24984458,1.0421714,0.29850292,0.9661493,0.043002594,0.57377225,0.54485685,0.5912048,0.53683895,0.48631614,0.6083133,0.45401317,0.1255813953488372,0.3162790697674418,0.5581395348837209
MXD3,0.26104265,0.0149555765,0.07272206,0.3954416,0.040288743,0.45633376,1.0835619,0.22728397,1.0220537,0.07869461,0.5249084,0.6256268,0.58398086,0.52622944,0.63364935,0.6776415,0.5559409,0.2191780821917808,0.2123287671232876,0.5684931506849316
MXI1,0.2405809,0.045305815,0.10377602,0.42396456,0.12652934,0.28810468,1.1294142,0.29131615,0.97765297,0.0426761,0.7132163,0.51881367,0.72814876,0.48823047,0.4877065,0.62706524,0.6494254,0.0932642487046632,0.38860103626943,0.5181347150259067
MYB,0.298827,0.109038934,0.12186768,0.6440706,0.13319084,0.27702472,1.4802994,0.29040325,0.82022387,0.08584574,0.60826904,0.36358038,0.5974518,0.3117497,0.2899107,0.42425135,0.5326654,0.1181818181818181,0.5,0.3818181818181818
MZF1,0.28835696,0.05322723,0.11384429,0.45301268,0.11629626,0.46460888,1.4041791,0.36407986,1.0053984,0.06097692,0.5807338,0.52558166,0.5458538,0.48414466,0.4363366,0.5774561,0.4435686,0.160919540229885,0.367816091954023,0.4712643678160919
NAB2,0.2881299,0.03193156,0.0940962,0.41536358,0.09092416,0.36653736,1.0425109,0.21182288,0.7589565,0.06416959,0.56646353,0.6228048,0.5339293,0.66626453,0.669675,0.80917,0.6561088,0.1011904761904761,0.2619047619047619,0.6369047619047619
NCOA7,0.27449396,0.018359747,0.084085695,0.35908207,0.10977544,0.2359634,1.1496993,0.19178385,0.8815699,0.06757909,0.43262202,0.60124993,0.5260221,0.561025,0.5741038,0.7160196,0.54740345,0.2049180327868852,0.221311475409836,0.5737704918032787
NCOR2,0.35692367,0.03540651,0.09524878,0.40190583,0.07744713,0.26161906,1.1098957,0.29000604,0.81093234,0.07713738,0.6110069,0.51385427,0.524889,0.5453054,0.53531384,0.7036161,0.49128875,0.1481481481481481,0.2814814814814815,0.5703703703703704
NFAT5,0.32079595,0.010125723,0.09604269,0.339781,0.079602845,0.2193181,0.7893971,0.15811907,0.8432308,0.022055257,0.42085034,0.6671157,0.55919677,0.774459,0.6722251,0.84395,0.5813482,0.1382978723404255,0.2127659574468085,0.648936170212766
NFATC2,0.22061087,0.06442157,0.07678734,0.4452074,0.1244778,0.2646973,1.0437458,0.15931375,0.6311924,0.02991537,0.69413215,0.4948437,0.64445347,0.5216943,0.48762277,0.61200976,0.5843464,0.0521472392638036,0.4079754601226993,0.5398773006134969
NFE2,0.2875236,0.061277926,0.0820969,0.30315956,0.10877547,0.3940525,0.9620968,0.21220131,0.85269755,0.04960382,0.6297221,0.64196664,0.46829155,0.6690377,0.60651654,0.74378514,0.58547115,0.1336405529953917,0.2580645161290322,0.6082949308755761
NFE2L2,0.24290194,0.057033245,0.07738139,0.45744967,0.11691541,0.20815903,1.1262308,0.30803844,0.8023499,0.032274615,0.55415624,0.5555526,0.5504687,0.602593,0.4644623,0.7089477,0.53837574,0.0852272727272727,0.3125,0.6022727272727273
NFIA,0.23830034,0.03593633,0.08574193,0.46864703,0.114741154,0.46931508,1.1850158,0.339983,1.027646,0.04732778,0.5355402,0.4557701,0.5942811,0.47362912,0.4310893,0.5507602,0.49942762,0.2,0.3333333333333333,0.4666666666666667
NFIL3,0.27162987,0.012435454,0.06351559,0.40622544,0.08077981,0.4350211,1.0065491,0.25301617,0.83948463,0.050551176,0.5586603,0.71338445,0.59025335,0.7026058,0.6442738,0.6718982,0.54105896,0.144578313253012,0.216867469879518,0.6385542168674698
NFKB1,0.27393395,0.030318325,0.036025327,0.29292598,0.08568202,0.14775017,1.0204566,0.15207314,0.851457,0.028657675,0.62038505,0.5513469,0.46930298,0.59703505,0.52477616,0.7108645,0.535554,0.1298701298701298,0.2727272727272727,0.5974025974025974
NPAS2,0.2711742,0.06302596,0.081383064,0.43632653,0.11330892,0.37043688,1.1527312,0.27983764,0.8418531,0.07057894,0.5856246,0.5908867,0.5409833,0.5522118,0.50961477,0.6036639,0.60734963,0.1365638766519823,0.2863436123348017,0.5770925110132159
NR1H2,0.31761053,0.023359675,0.07876821,0.41676667,0.08246466,0.29791704,1.0404215,0.23474729,0.6217239,0.046869855,0.53815967,0.58465767,0.51360995,0.72287065,0.6394981,0.6998999,0.5926283,0.1344086021505376,0.2258064516129032,0.6397849462365591
NR1H3,0.25578153,0.057941537,0.07306311,0.38171253,0.15282947,0.3398562,1.1149677,0.24217975,0.79996294,0.049790733,0.63943744,0.6037023,0.5414345,0.6530187,0.53691024,0.7280718,0.57381314,0.0955882352941176,0.3455882352941176,0.5588235294117647
NR2F1,0.26996616,0.04210041,0.09523282,0.33642063,0.07754922,0.2086653,0.9863425,0.21382304,0.83651024,0.015460382,0.42039713,0.584999,0.62326294,0.66497684,0.67471564,0.7644506,0.5642093,0.1492537313432835,0.2164179104477611,0.6343283582089553
NR4A1,0.25075862,0.045956273,0.0516557,0.54211295,0.10974628,0.31469783,1.2130634,0.2767156,0.9793671,0.0642097,0.4970473,0.46456182,0.6289631,0.58339995,0.5106368,0.5599363,0.6189491,0.0949720670391061,0.3631284916201117,0.5418994413407822
NR4A2,0.23269452,0.032824084,0.079941146,0.34141386,0.087289564,0.472493,1.0346553,0.26194003,0.8884097,0.045297362,0.5794052,0.6380152,0.51981616,0.6018489,0.6793081,0.7430238,0.67156357,0.1727272727272727,0.2212121212121212,0.6060606060606061
NR4A3,0.28694677,0.014775136,0.061341163,0.2473784,0.059385817,0.22176223,0.66527045,0.12776051,0.81418043,0.04641248,0.505236,0.66746014,0.5449488,0.6332466,0.71507263,0.8288967,0.7506585,0.1223404255319148,0.1542553191489361,0.723404255319149
NRF1,0.35759795,0.022310868,0.05819831,0.2944351,0.07316725,0.24908584,0.762511,0.13017568,0.6568423,0.0,0.48811585,0.7522394,0.43754736,0.5577213,0.65777767,0.7446011,0.6281009,0.1071428571428571,0.1964285714285714,0.6964285714285714
OTX1,0.31310418,0.052023277,0.16153747,0.4844433,0.08523565,0.24623285,1.1072236,0.27546838,0.869769,0.017008085,0.6451955,0.552757,0.48498148,0.5116916,0.53443205,0.60624236,0.62978643,0.14,0.37,0.49
PBX3,0.28754845,0.06600776,0.09366736,0.40367272,0.09856957,0.42223734,1.0604913,0.24655218,0.7855833,0.07381161,0.4631781,0.5590294,0.5301154,0.621371,0.654142,0.64500695,0.6122341,0.1729729729729729,0.2648648648648649,0.5621621621621622
PCBP3,0.27535915,0.04069239,0.06653439,0.51008415,0.12775445,0.4739456,1.3527663,0.32041946,0.94632286,0.08010255,0.4222028,0.54100436,0.5349835,0.5347537,0.5112218,0.64755505,0.5421652,0.2307692307692307,0.25,0.5192307692307693
PDLIM1,0.28828448,0.04216404,0.072495505,0.39833596,0.09689385,0.3155551,0.9457558,0.21911766,0.8291338,0.046818115,0.51311916,0.5324172,0.5773626,0.53333825,0.547876,0.616886,0.607283,0.1374570446735395,0.2852233676975945,0.5773195876288659
PLAGL1,0.20232259,0.095401235,0.09525173,0.61271805,0.15358591,0.37792265,1.4272883,0.35826376,0.9412564,0.03226239,0.6067303,0.44720322,0.65737236,0.42672035,0.4377236,0.5174687,0.5986337,0.1369509043927648,0.4470284237726098,0.4160206718346253
POU2AF1,0.30046993,0.058377218,0.08171563,0.49827775,0.09752568,0.68715715,1.2930677,0.29921752,0.92568237,0.09884845,0.5149618,0.4616961,0.61779565,0.5082511,0.4729524,0.55619085,0.5948714,0.2163265306122449,0.3183673469387755,0.4653061224489795
POU2F2,0.28204766,0.029438937,0.10951229,0.52934784,0.095557146,0.38782492,1.1833959,0.3612503,0.86170894,0.060284022,0.6244331,0.48093113,0.45928788,0.49700022,0.39124465,0.5535863,0.41918692,0.2409638554216867,0.2771084337349397,0.4819277108433735
POU6F1,0.21670488,0.04193412,0.13044025,0.44027165,0.13568334,0.48325217,1.1307987,0.23468262,0.8538471,0.07485027,0.57356447,0.5516296,0.621578,0.68994725,0.63926965,0.650595,0.614357,0.1208791208791208,0.3516483516483517,0.5274725274725275
PPARG,0.3420129,0.040799472,0.07791652,0.35316524,0.06785254,0.25363827,0.85863835,0.15920956,0.8501536,0.054547295,0.615543,0.5164229,0.45500794,0.601587,0.5664287,0.6414719,0.61888486,0.1166666666666666,0.3,0.5833333333333334
PRDM1,0.32624546,0.029819498,0.05458922,0.25912905,0.06652732,0.18164024,0.55618936,0.13857679,0.57400775,0.039999742,0.5677736,0.6155559,0.5726648,0.62297356,0.5935082,0.84081197,0.6618547,0.0833333333333333,0.25,0.6666666666666666
PRKCB,0.2492543,0.040742274,0.104739234,0.6528565,0.13442017,0.61800414,1.348084,0.39056465,0.98433906,0.1533555,0.40711355,0.475595,0.56101966,0.41630173,0.42875892,0.51839644,0.49926597,0.2390243902439024,0.3073170731707317,0.4536585365853658
RARA,0.2241365,0.050955698,0.06019173,0.39488772,0.15234843,0.28190348,1.0959469,0.24181679,0.6530079,0.034363255,0.49697292,0.65898466,0.5752384,0.73970747,0.58394676,0.7159535,0.5703536,0.0526315789473684,0.3157894736842105,0.631578947368421
RARG,0.3637198,0.04504316,0.060952693,0.4405878,0.0819817,0.35655588,1.1135583,0.25031742,0.8691466,0.03411603,0.5189576,0.56849337,0.52442664,0.6074784,0.5726481,0.657422,0.63889277,0.1935483870967742,0.2451612903225806,0.5612903225806452
RBPJ,0.22351274,0.057531897,0.06625682,0.43773553,0.17350838,0.3726905,1.5313926,0.36146036,1.0431631,0.07613919,0.7146301,0.5529037,0.6597588,0.55668646,0.5288172,0.5604329,0.78261465,0.0975609756097561,0.3536585365853658,0.5487804878048781
REL,0.34973505,0.020533266,0.0337734,0.25667563,0.122659266,0.15801497,0.72126305,0.11189473,0.6394132,0.020613447,0.47351608,0.7668074,0.27792633,0.6281333,0.6402428,0.78961676,0.6629305,0.0851063829787234,0.202127659574468,0.7127659574468085
RELA,0.32349318,0.060579266,0.10553124,0.5324717,0.109747455,0.6362819,1.1253195,0.30906966,0.83442163,0.13764526,0.4860382,0.5882422,0.58658326,0.5404824,0.5974027,0.6456898,0.5556018,0.1871345029239766,0.3040935672514619,0.5087719298245614
RERE,0.25596,0.054031193,0.09082365,0.56896305,0.12088058,0.45632997,1.5443428,0.36639717,1.0674049,0.0644811,0.58152413,0.46873078,0.70421314,0.5266117,0.45911807,0.48357555,0.5817852,0.15234375,0.39453125,0.453125
RFX1,0.312806,0.06931195,0.055527262,0.46191248,0.0876566,0.27131233,1.1410404,0.22622913,0.6779083,0.05892112,0.5725517,0.6433563,0.6195606,0.7503147,0.54769427,0.7592428,0.7261795,0.1067961165048543,0.3300970873786408,0.5631067961165048
RFX2,0.31600088,0.04155515,0.07104909,0.41090035,0.08287597,0.36816683,1.0672306,0.25535476,0.840086,0.05680188,0.5464621,0.55740035,0.53650343,0.63457084,0.6002853,0.7822269,0.56604785,0.1567796610169491,0.2457627118644068,0.597457627118644
RFX3,0.23934521,0.07703331,0.069590755,0.48157468,0.08883877,0.28656998,1.0968385,0.24890335,0.90643746,0.053973794,0.47739196,0.55760366,0.575133,0.55469054,0.48260632,0.6303193,0.62793756,0.0851063829787234,0.3687943262411347,0.5460992907801419
RFX4,0.2712337,0.042208515,0.090822555,0.53158903,0.1080333,0.44693834,1.2608646,0.24384809,0.8573918,0.08310769,0.46572626,0.5921307,0.60387313,0.5235437,0.5219942,0.63239264,0.59120077,0.1833333333333333,0.3111111111111111,0.5055555555555555
RFX5,0.26464877,0.040361702,0.12701294,0.52907574,0.074904636,0.8081559,1.3080653,0.3070186,1.0912191,0.06905935,0.5146928,0.5044181,0.7136685,0.46896031,0.5517017,0.61797994,0.49787316,0.327683615819209,0.1864406779661017,0.4858757062146893
RORA,0.26588753,0.059448924,0.08082553,0.5354743,0.123298906,0.44136363,1.2179762,0.30950114,0.93300605,0.10331606,0.4510589,0.5352278,0.59992516,0.5491517,0.5076958,0.64438856,0.62385416,0.1350210970464135,0.3291139240506329,0.5358649789029536
RREB1,0.35950625,0.039656717,0.075029835,0.3761902,0.12464557,0.35726932,1.0490451,0.22350697,0.91836005,0.027703684,0.49260247,0.48980853,0.556116,0.6613497,0.56313246,0.73230714,0.62488896,0.116504854368932,0.2815533980582524,0.6019417475728155
RUNX1,0.40079093,0.03699326,0.06787233,0.3804234,0.10427205,0.47111997,1.1559846,0.15589067,0.7794889,0.0985719,0.5185242,0.5440415,0.46489733,0.6381496,0.5811042,0.7157803,0.57341105,0.1639344262295081,0.2622950819672131,0.5737704918032787
RUNX2,0.28208974,0.022520171,0.13461311,0.4210831,0.092506364,0.21959087,0.86640227,0.17263101,0.7704676,0.03957804,0.5014275,0.6242399,0.57133824,0.7387948,0.69658214,0.7322586,0.6721471,0.1549295774647887,0.176056338028169,0.6690140845070423
RUNX3,0.34233078,0.010831949,0.070127055,0.28437516,0.08165062,0.40082896,0.9917261,0.13493857,0.7210436,0.04881683,0.37499955,0.62222064,0.3367325,0.91547483,0.66341376,0.81326383,0.5310599,0.3114754098360656,0.0655737704918032,0.6229508196721312
RXRA,0.21012639,0.029491656,0.066215865,0.41544175,0.1285878,0.32952407,1.0100147,0.2075134,0.7830409,0.053712286,0.53974694,0.5813921,0.6596613,0.5789198,0.54565626,0.70341146,0.64954865,0.0962566844919786,0.3155080213903743,0.5882352941176471
SATB1,0.23225057,0.11385286,0.12531936,0.68404436,0.15783109,0.5338973,1.5609248,0.3856502,0.9619578,0.055944767,0.5798942,0.32782355,0.8746964,0.36897781,0.39973277,0.5112889,0.66072524,0.167427701674277,0.4322678843226788,0.4003044140030441
SETBP1,0.29013386,0.03743712,0.04656125,0.4301505,0.09374641,0.37021807,1.1680536,0.2636947,0.93225765,0.04521984,0.6026597,0.510765,0.5415193,0.5348589,0.5285216,0.63053703,0.49104872,0.1363636363636363,0.3636363636363636,0.5
SMAD1,0.2638349,0.062074967,0.05723335,0.5397292,0.12999041,0.6312469,1.2894596,0.3179604,0.9575061,0.10967499,0.47507244,0.4668648,0.6184275,0.45357186,0.4198701,0.53115845,0.64777154,0.2051282051282051,0.2905982905982906,0.5042735042735043
SMAD3,0.27284646,0.033224504,0.06831119,0.42394465,0.07897361,0.2063734,0.93077064,0.16748016,0.6525535,0.032600895,0.50953597,0.66144824,0.554368,0.6905546,0.71113026,0.89670956,0.67924803,0.0699300699300699,0.2377622377622377,0.6923076923076923
SOX4,0.2602792,0.06268611,0.030101798,0.37898037,0.1518346,0.34131336,1.1486719,0.2852066,0.7887631,0.051431917,0.5296202,0.5683213,0.60080236,0.57628614,0.5687203,0.58794326,0.70540464,0.088235294117647,0.3352941176470588,0.5764705882352941
SOX5,0.30530623,0.043347497,0.05096395,0.37677488,0.078188285,0.28976387,1.0297574,0.17968023,0.9609643,0.05034181,0.6673776,0.53805786,0.5046499,0.6449013,0.53812677,0.6898499,0.5766606,0.1202185792349726,0.2786885245901639,0.6010928961748634
SOX6,0.30748844,0.03843853,0.107815325,0.55345523,0.13332148,0.5856925,1.4316496,0.35510692,1.0878273,0.089312516,0.613845,0.43876976,0.59658766,0.4497754,0.4186581,0.5632004,0.50921535,0.2209944751381215,0.3370165745856354,0.4419889502762431
SP1,0.22121187,0.07481744,0.1370664,0.5149126,0.14096569,0.30290762,1.4018983,0.33152196,1.0175879,0.05607977,0.5222536,0.44047987,0.6632634,0.6015785,0.48109224,0.56065035,0.7108759,0.1296296296296296,0.4027777777777778,0.4675925925925926
SP3,0.25865662,0.06974607,0.031785257,0.64043033,0.19717994,0.30662233,1.4203339,0.38653192,0.96143776,0.017266992,0.50098735,0.45912573,0.6976632,0.5735978,0.49161056,0.5402875,0.7294683,0.0615384615384615,0.4461538461538462,0.4923076923076923
SP4,0.24067806,0.055502985,0.08162436,0.49339116,0.106105536,0.38584194,1.1277211,0.2999178,0.81204206,0.04193046,0.59050494,0.55191505,0.6303353,0.5340458,0.48933592,0.5981174,0.56947196,0.1362126245847176,0.3289036544850498,0.5348837209302325
SREBF1,0.34823966,0.03992037,0.069082536,0.41193053,0.10694731,0.29164988,1.0408931,0.22747746,0.79338974,0.04057171,0.45103553,0.5715096,0.6274524,0.6633219,0.56766033,0.60796934,0.60194486,0.1126760563380281,0.3450704225352112,0.5422535211267606
SREBF2,0.2660326,0.018908719,0.10530652,0.4396327,0.06254474,0.5020978,1.1120679,0.19783978,0.8802184,0.055905797,0.4488633,0.5745901,0.5253502,0.56535196,0.5483198,0.697387,0.5446362,0.1973684210526315,0.2368421052631578,0.5657894736842105
SSBP3,0.24450444,0.041111358,0.062130194,0.3470482,0.08128098,0.1227904,0.93843037,0.18398647,0.8058987,0.023097605,0.58060986,0.59683585,0.41815156,0.6188154,0.5771836,0.7335822,0.5907365,0.0961538461538461,0.3205128205128205,0.5833333333333334
ST18,0.3004838,0.05783504,0.06310874,0.38710123,0.08912189,0.47295967,1.0835406,0.28064558,0.91419,0.055300444,0.53842235,0.56035876,0.5476797,0.5764605,0.5273642,0.65040386,0.5518415,0.1558441558441558,0.2662337662337662,0.577922077922078
STAT3,0.24168494,0.041601107,0.0944647,0.4552593,0.064592235,0.5483556,0.9660166,0.2610631,0.95625633,0.09397522,0.516682,0.53221864,0.49230373,0.5144419,0.51293874,0.63632804,0.496456,0.1769230769230769,0.2615384615384615,0.5615384615384615
STAT4,0.3464251,0.052795567,0.055609062,0.42177612,0.09045197,0.33284944,0.82127285,0.2118481,0.8209531,0.042289443,0.30034095,0.6464503,0.63366544,0.5670786,0.63708884,0.9272329,0.6338012,0.1415094339622641,0.1698113207547169,0.6886792452830188
STAT5A,0.27831978,0.0,0.062314913,0.07556673,0.00942444,0.09441781,0.48101443,0.060180265,0.6933716,0.032700554,0.5135214,0.902256,0.1999003,1.0419738,0.7204485,0.93687165,0.6785379,0.16,0.08,0.76
STAT5B,0.25854298,0.030820504,0.023472846,0.3456833,0.09719206,0.1326044,0.5181425,0.07202432,0.80228955,0.018989882,0.24195834,0.7493043,0.28818578,0.8860661,0.7834753,0.8987745,0.8294806,0.125,0.2083333333333333,0.6666666666666666
SUB1,0.27785888,0.057914328,0.08696213,0.43517765,0.14585164,0.33687937,1.1414118,0.28323784,0.83104324,0.040973593,0.49890637,0.5568505,0.59505975,0.48978645,0.52351224,0.5980685,0.65734076,0.0993377483443708,0.3576158940397351,0.543046357615894
TAL1,0.24965014,0.018204395,0.042317517,0.294234,0.06496106,0.14905535,0.84242094,0.2024363,0.7225429,0.036797054,0.5858762,0.6399452,0.48198137,0.7421673,0.711355,0.83677447,0.5457962,0.0757575757575757,0.2348484848484848,0.6893939393939394
TBX21,0.28843686,0.024618875,0.084461644,0.28340805,0.039623506,0.086010575,0.8249419,0.11419572,0.4976203,0.021343252,0.32444903,0.5410071,0.3926917,0.476456,0.64589757,0.70169634,0.6654736,0.044776119402985,0.208955223880597,0.746268656716418
TCF12,0.2516453,0.058910478,0.128729,0.6817214,0.12370404,0.8747745,1.6176013,0.41807216,1.3420795,0.10783183,0.51993805,0.431619,0.6898376,0.36820373,0.3975772,0.45349643,0.52806956,0.2775330396475771,0.3502202643171806,0.3722466960352423
TCF4,0.27981207,0.052075036,0.074635275,0.5314666,0.123251356,0.36850166,1.3283075,0.3267768,0.664336,0.053329587,0.4389174,0.5419075,0.6772245,0.5024028,0.44228035,0.570629,0.5592174,0.1117318435754189,0.4078212290502793,0.4804469273743016
TCF7,0.23372883,0.12249727,0.15841289,0.92300224,0.24320541,0.6886924,1.9190329,0.57042146,1.2553722,0.14524765,0.7547831,0.23980597,0.83592904,0.14026548,0.14875987,0.1869521,0.51442724,0.1830985915492957,0.647887323943662,0.1690140845070422
TCF7L2,0.3099639,0.037152734,0.0810995,0.4200167,0.092371605,0.29977745,0.9803326,0.22633654,0.7349765,0.034540236,0.58120555,0.6333394,0.5024033,0.6348706,0.5409274,0.7324202,0.56877786,0.1142857142857142,0.3,0.5857142857142857
TFAM,0.27239478,0.026827829,0.06258709,0.23663086,0.0641736,0.18170418,0.69293004,0.120461196,0.6229129,0.02518296,0.59564644,0.58609724,0.48469937,0.7935135,0.80536056,0.91162175,0.6587054,0.0377358490566037,0.2452830188679245,0.7169811320754716
TGIF1,0.2906095,0.0517296,0.08595144,0.5402064,0.11683691,0.41175893,1.2136998,0.33014017,0.9876293,0.057419844,0.57470894,0.4761253,0.61285764,0.45808655,0.49171847,0.5709656,0.58505887,0.1455108359133126,0.3746130030959752,0.479876160990712
TLE3,0.28175777,0.028342888,0.06491642,0.26733744,0.07876458,0.22605236,0.90499705,0.16671209,0.81738573,0.034191918,0.6021048,0.6740752,0.61184216,0.83729297,0.6643534,0.83946717,0.6303877,0.1551724137931034,0.1724137931034483,0.6724137931034483
TOX,0.24696846,0.052924164,0.089107215,0.48352385,0.1479551,0.33801678,1.2487626,0.29557866,0.8888352,0.05744525,0.7692443,0.5558055,0.6328376,0.4782183,0.46961403,0.51260376,0.62656856,0.1333333333333333,0.3538461538461538,0.5128205128205128
TOX2,0.31878036,0.026466575,0.088697925,0.5403159,0.08547214,1.3893555,1.3473674,0.45096135,1.1087161,0.18972996,0.44262132,0.4657321,0.6541144,0.42341733,0.46100664,0.47750384,0.4544267,0.3678474114441417,0.1880108991825613,0.444141689373297
TRPS1,0.2523061,0.02910834,0.078411296,0.3976601,0.099219315,0.2634047,1.0621538,0.21702601,0.839643,0.044788882,0.5208797,0.6114108,0.5826544,0.56955004,0.60111094,0.6734621,0.6540657,0.1275720164609053,0.2674897119341564,0.6049382716049383
TSC22D1,0.28695154,0.042207155,0.08665838,0.44460848,0.12760001,0.35594955,1.1927679,0.3366773,0.8814368,0.047991723,0.5586579,0.5341301,0.5750573,0.6008803,0.5619419,0.6857389,0.5276895,0.1015625,0.33203125,0.56640625
XBP1,0.2258521,0.056851905,0.08460453,0.46519333,0.130498,0.29171458,1.1637396,0.3008716,0.8751626,0.060993724,0.5886997,0.5544813,0.6278542,0.5587826,0.51737875,0.59305876,0.51484627,0.148,0.304,0.548
YY1,0.29913303,0.028187886,0.15460458,0.35359198,0.12910633,0.6366544,0.9287588,0.22424898,1.0676045,0.06380393,0.427008,0.5098751,0.5168433,0.67179793,0.48200536,0.604701,0.6816148,0.1875,0.125,0.6875
ZBTB20,0.2938784,0.057695568,0.11894134,0.5504379,0.12930414,0.33058983,1.2812207,0.37879378,1.0124038,0.03953315,0.564925,0.519651,0.6568729,0.55238986,0.46249583,0.6635016,0.6197969,0.140495867768595,0.3305785123966942,0.5289256198347108
ZBTB32,0.24075368,0.11765008,0.06897632,0.35050395,0.07411848,0.26317814,0.793245,0.18373038,0.8068209,0.055689335,0.7138791,0.5456712,0.51024485,0.6222185,0.58887684,0.7302782,0.8030435,0.1052631578947368,0.2894736842105263,0.6052631578947368
ZBTB38,0.2486152,0.022353986,0.09408913,0.50259113,0.12844509,0.23156208,1.1320213,0.25702688,0.83595127,0.04447761,0.5418984,0.53803784,0.57865494,0.68575495,0.56469727,0.5803656,0.50250775,0.1521739130434782,0.3333333333333333,0.5144927536231884
ZEB1,0.24073575,0.020152342,0.06300263,0.3453141,0.104834564,0.32887474,0.93403333,0.23713917,0.75091636,0.012095821,0.47181776,0.6169802,0.6488411,0.67287934,0.51345086,0.64139646,0.66015744,0.1097560975609756,0.2926829268292683,0.5975609756097561
ZEB2,0.24000916,0.06103252,0.07365377,0.39165032,0.086909495,0.23884486,0.9427151,0.17294744,0.79092807,0.014481794,0.47965762,0.63958967,0.6291079,0.71602774,0.6597609,0.78625405,0.70644814,0.0604395604395604,0.3021978021978022,0.6373626373626373
ZNF212,0.26430336,0.038205437,0.07827439,0.44286487,0.11108516,0.18323086,1.0454782,0.27239597,0.94116193,0.028652338,0.6794081,0.52958775,0.613189,0.55930066,0.46885157,0.7018832,0.66616243,0.0933333333333333,0.3866666666666666,0.52
ZNF219,0.24419908,0.074434206,0.11206083,0.5731673,0.13390948,0.46432367,1.1809934,0.30705053,1.049332,0.04140129,0.47620127,0.5142418,0.6278694,0.59504163,0.5676579,0.6530399,0.6696949,0.1587301587301587,0.3253968253968254,0.5158730158730159
ZNF287,0.27050573,0.032475073,0.060021617,0.43619698,0.07998013,0.13663267,1.0728716,0.24469835,0.7399649,0.029210944,0.54617095,0.4683634,0.52029365,0.61908233,0.63745034,0.6300968,0.5889821,0.1057692307692307,0.3173076923076923,0.5769230769230769
ZNF362,0.24940152,0.07900771,0.05637791,0.3702043,0.1118251,0.1681044,1.1167147,0.25232437,0.7848393,0.03423248,0.56336284,0.47188753,0.5071942,0.5917988,0.5222338,0.6268143,0.553783,0.119205298013245,0.304635761589404,0.5761589403973509
ZFP36L1,0.26999447,0.09980417,0.071501896,0.4437916,0.15849204,0.30435187,1.0336807,0.3009322,0.83199835,0.09142007,0.44946352,0.51233953,0.6427,0.5357162,0.54199785,0.6651303,0.51159465,0.2142857142857142,0.1964285714285714,0.5892857142857143
ZNF780A,0.24866419,0.05463416,0.036948822,0.33320978,0.12499001,0.33218938,1.0042549,0.2568751,0.72318804,0.02555286,0.50848323,0.6973887,0.46675625,0.7280399,0.7344807,0.7342453,0.5725383,0.0824742268041237,0.2783505154639175,0.6391752577319587
ZNF629,0.27038208,0.018721163,0.12730148,0.502582,0.11334461,0.39579567,1.2462194,0.26405185,0.83819693,0.089771,0.63880235,0.5101266,0.6183611,0.58297104,0.52010113,0.5731915,0.5124788,0.2066115702479339,0.3140495867768595,0.4793388429752066
ZNF652,0.32182148,0.054570958,0.048066095,0.46591252,0.119078875,0.46493694,1.1702294,0.25949436,0.9105553,0.057634912,0.46181515,0.47623616,0.5387763,0.5456418,0.4893295,0.5929897,0.542686,0.1858108108108108,0.3006756756756756,0.5135135135135135
ZHX2,0.28574705,0.014258756,0.05509439,0.31024736,0.069176555,0.41046944,0.9975506,0.22762309,0.6991511,0.04173368,0.5664429,0.60511327,0.49937215,0.7139648,0.6213679,0.82789326,0.45901668,0.1441441441441441,0.2342342342342342,0.6216216216216216
ZSCAN10,0.25097424,0.051800787,0.06918691,0.48135826,0.1280661,0.39625478,1.1473985,0.2713127,0.9641562,0.055319898,0.49447924,0.5546596,0.5650861,0.54917055,0.5103733,0.5618249,0.60138196,0.1489361702127659,0.3475177304964539,0.5035460992907801
ZSCAN12,0.27262214,0.03033537,0.082848094,0.4026763,0.11857795,0.40419716,0.9908595,0.26932365,0.891422,0.052168556,0.4727377,0.5924903,0.5476139,0.63911766,0.56438226,0.6731163,0.54474306,0.1300448430493273,0.2556053811659193,0.6143497757847534
ctrl,0.28023198,0.049906828,0.08612845,0.45147604,0.11033759,0.42693707,1.1545717,0.2715146,0.90531677,0.06517434,0.5249736,0.54024965,0.57996833,0.55078036,0.518772,0.6301975,0.57151574,0.1504818383988139,0.3224610822831727,0.5270570793180134
